<?xml version="1.0" encoding="utf-8" ?>
<dwsync>
<file name="loading.gif" server="ftp.twistednetworkmedia.uk//public_html/B2BApp/" local="131655989380000000" remote="131660218800000000" Dst="1" />
<file name="ShuffleLogo.png" server="ftp.twistednetworkmedia.uk//public_html/B2BApp/" local="131655989380000000" remote="131660218800000000" Dst="1" />
<file name="SundaeMediaLogo.png" server="ftp.twistednetworkmedia.uk//public_html/B2BApp/" local="131655989400000000" remote="131660218800000000" Dst="1" />
<file name="shufflepreloaderwhite.gif" server="ftp.twistednetworkmedia.uk//public_html/B2BApp/" local="131655989380000000" remote="131660218800000000" Dst="1" />
<file name="shufflepreloader.gif" server="ftp.twistednetworkmedia.uk//public_html/B2BApp/" local="131655989380000000" remote="131660218800000000" Dst="1" />
<file name="loading.gif" server="ftp.twistednetworkmedia.uk//public_html/shuffle/" local="131660351400000000" remote="131661158400000000" Dst="1" />
<file name="ShuffleLogo.png" server="ftp.twistednetworkmedia.uk//public_html/shuffle/" local="131655989380000000" remote="131661158400000000" Dst="1" />
<file name="shufflepreloader.gif" server="ftp.twistednetworkmedia.uk//public_html/shuffle/" local="131655989380000000" remote="131661158400000000" Dst="1" />
<file name="SundaeMediaLogo.png" server="ftp.twistednetworkmedia.uk//public_html/shuffle/" local="131655989400000000" remote="131661158400000000" Dst="1" />
<file name="shufflepreloaderwhite.gif" server="ftp.twistednetworkmedia.uk//public_html/shuffle/" local="131655989380000000" remote="131661158400000000" Dst="1" />
<file name="headlogo.png" server="ftp.twistednetworkmedia.uk//public_html/shuffle/" local="131660400753414632" remote="131661158400000000" Dst="1" />
<file name="loading.gif" server="ftp.twistednetworkmedia.uk//public_html/ShuffleApp/" local="131660351400000000" remote="131661192000000000" Dst="1" />
<file name="headlogo.png" server="ftp.twistednetworkmedia.uk//public_html/ShuffleApp/" local="131660400753414632" remote="131661192000000000" Dst="1" />
<file name="ShuffleLogo.png" server="ftp.twistednetworkmedia.uk//public_html/ShuffleApp/" local="131655989380000000" remote="131661192000000000" Dst="1" />
<file name="shufflepreloaderwhite.gif" server="ftp.twistednetworkmedia.uk//public_html/ShuffleApp/" local="131655989380000000" remote="131661192000000000" Dst="1" />
<file name="shufflepreloader.gif" server="ftp.twistednetworkmedia.uk//public_html/ShuffleApp/" local="131655989380000000" remote="131661192000000000" Dst="1" />
<file name="SundaeMediaLogo.png" server="ftp.twistednetworkmedia.uk//public_html/ShuffleApp/" local="131655989400000000" remote="131661192000000000" Dst="1" />
<file name="headlogo.png" server="ftp.dccreates.co.uk/public_html/ShuffleAppNew/" local="131660400753414632" remote="131661222600000000" Dst="1" />
<file name="ShuffleLogo.png" server="ftp.dccreates.co.uk/public_html/ShuffleAppNew/" local="131655989380000000" remote="131661222600000000" Dst="1" />
<file name="loading.gif" server="ftp.dccreates.co.uk/public_html/ShuffleAppNew/" local="131660351400000000" remote="131661222600000000" Dst="1" />
<file name="SundaeMediaLogo.png" server="ftp.dccreates.co.uk/public_html/ShuffleAppNew/" local="131655989400000000" remote="131661222600000000" Dst="1" />
<file name="shufflepreloader.gif" server="ftp.dccreates.co.uk/public_html/ShuffleAppNew/" local="131655989380000000" remote="131661222600000000" Dst="1" />
<file name="shufflepreloaderwhite.gif" server="ftp.dccreates.co.uk/public_html/ShuffleAppNew/" local="131655989380000000" remote="131661222600000000" Dst="1" />
<file name="alternativeboxbg.jpg" server="ftp.dccreates.co.uk/public_html/ShuffleApp/" local="131681858301885627" remote="131681991600000000" Dst="2" />
<file name="hiphopboxbg.jpg" server="ftp.dccreates.co.uk/public_html/ShuffleApp/" local="131681858302042516" remote="131681991600000000" Dst="2" />
<file name="headlogo.png" server="ftp.dccreates.co.uk/public_html/ShuffleApp/" local="131681858302042516" remote="131681991600000000" Dst="2" />
<file name="indieboxbg.jpg" server="ftp.dccreates.co.uk/public_html/ShuffleApp/" local="131681858302198148" remote="131681991600000000" Dst="2" />
<file name="loading.gif" server="ftp.dccreates.co.uk/public_html/ShuffleApp/" local="131681858302198148" remote="131681991600000000" Dst="2" />
<file name="popboxbg.jpg" server="ftp.dccreates.co.uk/public_html/ShuffleApp/" local="131681858302354424" remote="131681991600000000" Dst="2" />
<file name="reviewsboxbg.jpg" server="ftp.dccreates.co.uk/public_html/ShuffleApp/" local="131681858302354424" remote="131681991600000000" Dst="2" />
<file name="rockboxbg.jpg" server="ftp.dccreates.co.uk/public_html/ShuffleApp/" local="131681858302607678" remote="131681991600000000" Dst="2" />
<file name="ShuffleLogo.png" server="ftp.dccreates.co.uk/public_html/ShuffleApp/" local="131681858302697945" remote="131681991600000000" Dst="2" />
<file name="shufflepreloader.gif" server="ftp.dccreates.co.uk/public_html/ShuffleApp/" local="131681858302778151" remote="131681991600000000" Dst="2" />
<file name="SundaeMediaLogo.png" server="ftp.dccreates.co.uk/public_html/ShuffleApp/" local="131681858302958284" remote="131681991600000000" Dst="2" />
<file name="shufflepreloaderwhite.gif" server="ftp.dccreates.co.uk/public_html/ShuffleApp/" local="131681858302868364" remote="131681991600000000" Dst="2" />
</dwsync>