<?xml version="1.0" encoding="utf-8" ?>
<dwsync>
<file name="bower.json" server="ftp.dccreates.co.uk/public_html/ShuffleApp/" local="131681858300584955" remote="131681991600000000" Dst="2" />
<file name="functions.js" server="ftp.dccreates.co.uk/public_html/ShuffleApp/" local="131681858300635477" remote="131681991600000000" Dst="2" />
<file name="index.html" server="ftp.dccreates.co.uk/public_html/ShuffleApp/" local="131681858300792067" remote="131681991600000000" Dst="2" />
<file name="jquery-2.2.3.min.js" server="ftp.dccreates.co.uk/public_html/ShuffleApp/" local="131681858301104292" remote="131681991600000000" Dst="2" />
<file name="jquery.min.js" server="ftp.dccreates.co.uk/public_html/ShuffleApp/" local="131681858300792067" remote="131681991600000000" Dst="2" />
<file name="jquery.tabledit.js" server="ftp.dccreates.co.uk/public_html/ShuffleApp/" local="131681858300948194" remote="131681991600000000" Dst="2" />
<file name="jquery.tabledit.min.js" server="ftp.dccreates.co.uk/public_html/ShuffleApp/" local="131681858300948194" remote="131681991600000000" Dst="2" />
<file name="main.js" server="ftp.dccreates.co.uk/public_html/ShuffleApp/" local="131681858301104292" remote="131681991600000000" Dst="2" />
<file name="skel.min.js" server="ftp.dccreates.co.uk/public_html/ShuffleApp/" local="131681858301260824" remote="131681991600000000" Dst="2" />
<file name="util.js" server="ftp.dccreates.co.uk/public_html/ShuffleApp/" local="131681858301416819" remote="131681991600000000" Dst="2" />
<file name="npm.js" server="ftp.dccreates.co.uk/public_html/ShuffleApp/" local="131681858301260824" remote="131681991600000000" Dst="2" />
</dwsync>